"Time","Event","Status","IP","Location","InternetProvider","AppVersion","Device","Protection"
"2025-10-07T05:16:52.000Z","Password reset via recovery phrase","success","174.246.192.127","","","web-account@5.0.297.0",""
"2025-10-07T05:16:25.000Z","Recovery phrase sign in successful","success","174.246.192.127","","","web-account@5.0.297.0",""
"2025-10-06T21:25:02.000Z","Password reset via recovery phrase","success","174.246.193.61","","","web-account@5.0.297.0",""
"2025-10-06T21:23:45.000Z","Recovery phrase sign in successful","success","174.246.193.61","","","web-account@5.0.297.0",""
"2025-10-06T21:22:10.000Z","Sign in failure (second factor failed) (attempt)","failure","174.246.193.61","","","web-account@5.0.297.0",""
"2025-10-06T21:21:38.000Z","Sign in success (awaiting second factor)","attempt","174.246.193.61","","","web-account@5.0.297.0",""
"2025-10-05T23:22:59.000Z","Sign out","success","174.197.1.132","","","web-account@5.0.296.1",""
"2025-10-05T23:22:55.000Z","Sign in failure (second factor failed) (attempt)","failure","174.197.1.132","","","web-account@5.0.296.1",""
"2025-10-05T23:22:36.000Z","Sign in failure (second factor failed) (attempt)","failure","174.197.1.132","","","web-account@5.0.296.1",""
"2025-10-05T23:22:20.000Z","Sign in success (awaiting second factor)","attempt","174.197.1.132","","","web-account@5.0.296.1",""
"2025-10-05T23:19:10.000Z","Sign out","success","174.197.1.132","","","web-account@5.0.296.1",""
"2025-10-05T23:19:06.000Z","Sign in failure (second factor failed) (attempt)","failure","174.197.1.132","","","web-account@5.0.296.1",""
"2025-10-05T23:18:46.000Z","Sign in success (awaiting second factor)","attempt","174.197.1.132","","","web-account@5.0.296.1",""
"2025-10-05T23:18:25.000Z","Sign in failure (second factor failed) (attempt)","failure","174.197.1.132","","","web-account@5.0.296.1",""
"2025-10-05T23:18:18.000Z","Sign in success (awaiting second factor)","attempt","174.197.1.132","","","web-account@5.0.296.1",""
"2025-10-05T23:18:13.000Z","Sign in failure (second factor failed) (attempt)","failure","174.197.1.132","","","web-account@5.0.296.1",""
"2025-10-05T23:18:00.000Z","Sign in failure (second factor failed) (attempt)","failure","174.197.1.132","","","web-account@5.0.296.1",""
"2025-10-05T23:17:57.000Z","Sign in failure (second factor failed) (attempt)","failure","174.197.1.132","","","web-account@5.0.296.1",""
"2025-10-05T23:17:41.000Z","Sign in success (awaiting second factor)","attempt","174.197.1.132","","","web-account@5.0.296.1",""
"2025-09-29T14:06:08.000Z","Sign in success (awaiting second factor)","attempt","35.147.111.125","","","android-mail@4.15.0",""
"2025-09-29T11:13:00.000Z","Sign in success","success","35.147.111.125","","","linux-mail@5.0.292.0+id1.9.0",""
"2025-09-29T11:12:46.000Z","Sign in success (awaiting second factor)","attempt","35.147.111.125","","","linux-mail@5.0.292.0+id1.9.0",""
"2025-09-28T10:47:01.000Z","Signed out single session","success","155.94.251.107","","","web-account@5.0.292.0",""
"2025-09-28T10:45:32.000Z","Sign in success","success","155.94.251.107","","","web-account@5.0.292.0",""
"2025-09-28T10:44:49.000Z","Sign in success (awaiting second factor)","attempt","155.94.251.107","","","web-account@5.0.292.0",""
"2025-09-28T10:37:24.000Z","Signed out single session","success","35.147.111.125","","","web-account@5.0.292.0",""
"2025-09-28T10:37:23.000Z","Signed out single session","success","35.147.111.125","","","web-account@5.0.292.0",""
"2025-09-28T10:37:22.000Z","Signed out single session","success","35.147.111.125","","","web-account@5.0.292.0",""
"2025-09-28T10:37:20.000Z","Signed out single session","success","35.147.111.125","","","web-account@5.0.292.0",""
"2025-09-28T10:37:12.000Z","Signed out single session","success","35.147.111.125","","","web-account@5.0.292.0",""
"2025-09-28T10:35:04.000Z","Sign in success","success","35.147.111.125","","","web-account@5.0.292.0",""
"2025-09-28T10:34:36.000Z","Sign in failure (second factor failed) (attempt)","failure","35.147.111.125","","","web-account@5.0.292.0",""
"2025-09-28T10:33:56.000Z","Sign in success (awaiting second factor)","attempt","35.147.111.125","","","web-account@5.0.292.0",""
"2025-09-28T10:32:01.000Z","Sign in failure (second factor failed) (attempt)","failure","35.147.111.125","","","web-account@5.0.292.0",""
"2025-09-28T10:31:39.000Z","Sign in failure (second factor failed) (attempt)","failure","35.147.111.125","","","web-account@5.0.292.0",""
"2025-09-28T10:30:54.000Z","Sign in success (awaiting second factor)","attempt","35.147.111.125","","","web-account@5.0.292.0",""
"2025-09-23T14:37:49.000Z","Sign in success","success","174.197.1.228","","","web-account@5.0.289.1",""
"2025-09-23T14:37:25.000Z","Sign in success (awaiting second factor)","attempt","174.197.1.228","","","web-account@5.0.289.1",""
"2025-09-17T07:18:50.000Z","Sign in success","success","174.197.1.202","","","android-vpn@5.12.80.0+play",""
"2025-09-17T07:18:25.000Z","Sign in success (awaiting second factor)","attempt","174.197.1.202","","","android-vpn@5.12.80.0+play",""
"2025-09-12T09:51:06.000Z","Signed out single session","success","35.147.111.119","","","web-account@5.0.285.0",""
"2025-09-12T09:51:05.000Z","Signed out single session","success","35.147.111.119","","","web-account@5.0.285.0",""
"2025-09-12T09:51:04.000Z","Authentication success","success","35.147.111.119","","","web-account@5.0.285.0",""
"2025-09-12T09:48:32.000Z","Authentication success","success","","","","web-account@5.0.285.0",""
"2025-09-12T09:44:30.000Z","Sign in success","success","","","","web-account@5.0.285.0",""
"2025-09-12T09:44:17.000Z","Sign in success (awaiting second factor)","attempt","","","","web-account@5.0.285.0",""
"2025-09-10T23:15:50.000Z","Second factor enabled (authenticator app)","success","","","","web-account@5.0.284.4",""
"2025-09-10T23:15:13.000Z","Authentication success","success","","","","web-account@5.0.284.4",""
"2025-09-10T23:13:15.000Z","Sign in success","success","","","","web-account@5.0.284.4",""
"2025-09-10T22:05:30.000Z","Recovery phrase changed or enabled","success","","","","web-account@5.0.284.4",""
"2025-09-10T22:04:31.000Z","Sign in success","success","","","","web-account@5.0.284.4",""
"2025-09-10T22:02:58.000Z","Sign in success","success","","","","android-mail@4.15.0",""